{
  "accepted_mutations": [],
  "anti_cheat_checks_passed": [
    "random seeds explicitly recorded",
    "train/validation/test task IDs disjoint",
    "all task IDs recorded",
    "no test task used in mutation acceptance",
    "no query_y stored in memory",
    "benchmark result file includes config and task IDs",
    "OOD mode actually changes distribution",
    "no query_y used in task encoding",
    "no final test metric used in optimizer/controller",
    "no benchmark result hardcoded"
  ],
  "command": "python benchmarks/next_agi_scaffold_benchmark.py",
  "config": {
    "ablation_count": 9,
    "mode": "quick",
    "seed": 42
  },
  "config_hash": "f2208489d8fa5d2f",
  "git_commit": "4e9caa82199d48f657571892f96fdd82d4db195f",
  "metric_summary": {
    "ablation_delta_vs_full_loop": {
      "full_loop": 0.0,
      "full_loop_shuffled_memory": 0.20751070976257324,
      "full_loop_without_self_improvement": 0.0,
      "full_loop_wrong_world_model": 0.17554664611816406,
      "functional_maml_only": 0.0659671306610079,
      "maml_learned_task_encoder": -4.004129791259764,
      "maml_memory": 0.005475902557371626,
      "maml_world_model_controller": 0.20751070976257324,
      "no_adaptation": 0.28713345527648926
    },
    "ablations": {
      "full_loop": {
        "mean": 43.00714398622513,
        "stderr": 7.288612258434294
      },
      "full_loop_shuffled_memory": {
        "mean": 47.9763014793396,
        "stderr": 12.050259041786195
      },
      "full_loop_without_self_improvement": {
        "mean": 43.00714398622513,
        "stderr": 7.288612258434294
      },
      "full_loop_wrong_world_model": {
        "mean": 54.85980526208878,
        "stderr": 18.96572688817978
      },
      "functional_maml_only": {
        "mean": 48.20565942525863,
        "stderr": 12.421160566806794
      },
      "maml_learned_task_encoder": {
        "mean": 44.93934602737427,
        "stderr": 13.224944090843197
      },
      "maml_memory": {
        "mean": 43.00988193750381,
        "stderr": 7.285874307155608
      },
      "maml_world_model_controller": {
        "mean": 54.87578729391098,
        "stderr": 18.949744856357572
      },
      "no_adaptation": {
        "mean": 61.58777931928635,
        "stderr": 25.582114136219026
      }
    },
    "adaptation_improvement": {
      "mean": 13.382119894027714,
      "stderr": 13.16095356941223
    },
    "learned_world_model_error_reduction": {
      "mean": 0.18556277826428413,
      "stderr": 0.01774338260293007
    },
    "memory_transfer_gain": {
      "mean": 5.195777487754821,
      "stderr": 5.135286259651184
    },
    "ood_generalization_gap": {
      "mean": 33.03471140861511,
      "stderr": 5.355106604099272
    },
    "planning_success_with_learned_world_model": {
      "mean": 0.5,
      "stderr": 0.5
    },
    "predicted_vs_actual_improvement_error": {
      "mean": 6.866301725059748,
      "stderr": 6.609598695486785
    },
    "rollback_count": {
      "mean": 1.0,
      "stderr": 0.0
    },
    "seed_variance": {
      "mean": 53.123868653798674,
      "stderr": 0.0
    },
    "self_improvement_acceptance_rate": {
      "mean": 0.0,
      "stderr": 0.0
    },
    "task_encoder_validation_loss": {
      "mean": 9.983699321746826,
      "stderr": 3.2770352363586426
    },
    "validation_test_gap": {
      "mean": 33.03471140861511,
      "stderr": 5.355106604099272
    },
    "world_model_prediction_error": {
      "mean": 0.07116648927330971,
      "stderr": 0.0032511390745639797
    }
  },
  "ood_flags": {
    "test": true,
    "train": false,
    "validation": false
  },
  "rejected_mutations": [
    {
      "accepted": false,
      "baseline_scores": [
        5.757399082183838,
        16.925825119018555,
        0.2617883086204529,
        16.1245174407959,
        1.1251046657562256
      ],
      "candidate_name": "inner_lr_down",
      "candidate_scores": [
        5.760436534881592,
        17.145360946655273,
        0.26557600498199463,
        16.115192413330078,
        1.1285948753356934
      ],
      "random_seed": 42,
      "rollback": true,
      "split": "validation",
      "updates": {
        "inner_lr": 0.005
      }
    },
    {
      "accepted": false,
      "baseline_scores": [
        11.615381240844727,
        6.480312824249268,
        32.5770378112793,
        7.934628963470459,
        0.9223303198814392
      ],
      "candidate_name": "inner_lr_down",
      "candidate_scores": [
        11.605224609375,
        6.573434829711914,
        33.497310638427734,
        10.842123031616211,
        1.1459921598434448
      ],
      "random_seed": 43,
      "rollback": true,
      "split": "validation",
      "updates": {
        "inner_lr": 0.005
      }
    }
  ],
  "seed_list": [
    42,
    43
  ],
  "task_families": {
    "test": [
      "sinusoid",
      "polynomial",
      "piecewise_linear",
      "noisy_affine",
      "compositional",
      "sinusoid",
      "polynomial",
      "piecewise_linear",
      "noisy_affine",
      "compositional"
    ],
    "train": [
      "sinusoid",
      "polynomial",
      "piecewise_linear",
      "noisy_affine",
      "compositional",
      "sinusoid",
      "polynomial",
      "piecewise_linear",
      "noisy_affine",
      "compositional",
      "sinusoid",
      "polynomial",
      "piecewise_linear",
      "noisy_affine",
      "compositional",
      "sinusoid",
      "polynomial",
      "piecewise_linear",
      "noisy_affine",
      "compositional"
    ],
    "validation": [
      "sinusoid",
      "polynomial",
      "piecewise_linear",
      "noisy_affine",
      "compositional",
      "sinusoid",
      "polynomial",
      "piecewise_linear",
      "noisy_affine",
      "compositional"
    ]
  },
  "test_task_ids": [
    "test-sinusoid-42-16-fe8c61ef",
    "test-polynomial-42-17-04517b60",
    "test-piecewise_linear-42-18-f41cf69e",
    "test-noisy_affine-42-19-c860bd8e",
    "test-compositional-42-20-822c50e4",
    "test-sinusoid-43-16-b622f462",
    "test-polynomial-43-17-dd1a0166",
    "test-piecewise_linear-43-18-9073c326",
    "test-noisy_affine-43-19-c302659e",
    "test-compositional-43-20-2e155fa7"
  ],
  "timestamp": "2026-05-06T15:07:08.314900+00:00",
  "train_task_ids": [
    "train-sinusoid-42-1-717ac2df",
    "train-polynomial-42-2-bb8b4c6e",
    "train-piecewise_linear-42-3-8559eb0e",
    "train-noisy_affine-42-4-e6062d3f",
    "train-compositional-42-5-eb1cc166",
    "train-sinusoid-42-6-9464722a",
    "train-polynomial-42-7-444829fe",
    "train-piecewise_linear-42-8-17617094",
    "train-noisy_affine-42-9-d45068a9",
    "train-compositional-42-10-5b9b951b",
    "train-sinusoid-43-1-c0cade66",
    "train-polynomial-43-2-c074b74f",
    "train-piecewise_linear-43-3-d628fe95",
    "train-noisy_affine-43-4-893a5669",
    "train-compositional-43-5-165b29b9",
    "train-sinusoid-43-6-cbd512fc",
    "train-polynomial-43-7-dc066ab9",
    "train-piecewise_linear-43-8-d8d5cfe2",
    "train-noisy_affine-43-9-45935f7c",
    "train-compositional-43-10-aa12a7df"
  ],
  "validation_task_ids": [
    "validation-sinusoid-42-11-157e6244",
    "validation-polynomial-42-12-33ba168b",
    "validation-piecewise_linear-42-13-cf36a6d3",
    "validation-noisy_affine-42-14-7f47e586",
    "validation-compositional-42-15-078f622c",
    "validation-sinusoid-43-11-0138aaee",
    "validation-polynomial-43-12-c0dc8397",
    "validation-piecewise_linear-43-13-64e03f82",
    "validation-noisy_affine-43-14-4faa1bd6",
    "validation-compositional-43-15-8fab610f"
  ]
}