{
  "mode": "quick",
  "seeds": [
    42,
    43
  ],
  "config": {
    "mode": "quick",
    "seed": 42,
    "ablation_count": 9
  },
  "aggregate": {
    "adaptation_improvement": {
      "mean": 13.382119894027714,
      "stderr": 13.16095356941223
    },
    "ood_generalization_gap": {
      "mean": 33.03471140861511,
      "stderr": 5.355106604099272
    },
    "task_encoder_validation_loss": {
      "mean": 9.983699321746826,
      "stderr": 3.2770352363586426
    },
    "memory_transfer_gain": {
      "mean": 5.195777487754821,
      "stderr": 5.135286259651184
    },
    "world_model_prediction_error": {
      "mean": 0.07116648927330971,
      "stderr": 0.0032511390745639797
    },
    "predicted_vs_actual_improvement_error": {
      "mean": 6.866301725059748,
      "stderr": 6.609598695486785
    },
    "planning_success_with_learned_world_model": {
      "mean": 0.5,
      "stderr": 0.5
    },
    "self_improvement_acceptance_rate": {
      "mean": 0.0,
      "stderr": 0.0
    },
    "rollback_count": {
      "mean": 1.0,
      "stderr": 0.0
    },
    "validation_test_gap": {
      "mean": 33.03471140861511,
      "stderr": 5.355106604099272
    },
    "seed_variance": {
      "mean": 53.123868653798674,
      "stderr": 0.0
    },
    "ablation_delta_vs_full_loop": {
      "no_adaptation": 0.28713345527648926,
      "functional_maml_only": 0.0659671306610079,
      "maml_learned_task_encoder": -4.004129791259764,
      "maml_memory": 0.005475902557371626,
      "maml_world_model_controller": 0.20751070976257324,
      "full_loop": 0.0,
      "full_loop_without_self_improvement": 0.0,
      "full_loop_shuffled_memory": 0.20751070976257324,
      "full_loop_wrong_world_model": 0.17554664611816406
    },
    "learned_world_model_error_reduction": {
      "mean": 0.18556277826428413,
      "stderr": 0.01774338260293007
    },
    "ablations": {
      "no_adaptation": {
        "mean": 61.58777931928635,
        "stderr": 25.582114136219026
      },
      "functional_maml_only": {
        "mean": 48.20565942525863,
        "stderr": 12.421160566806794
      },
      "maml_learned_task_encoder": {
        "mean": 44.93934602737427,
        "stderr": 13.224944090843197
      },
      "maml_memory": {
        "mean": 43.00988193750381,
        "stderr": 7.285874307155608
      },
      "maml_world_model_controller": {
        "mean": 54.87578729391098,
        "stderr": 18.949744856357572
      },
      "full_loop": {
        "mean": 43.00714398622513,
        "stderr": 7.288612258434294
      },
      "full_loop_without_self_improvement": {
        "mean": 43.00714398622513,
        "stderr": 7.288612258434294
      },
      "full_loop_shuffled_memory": {
        "mean": 47.9763014793396,
        "stderr": 12.050259041786195
      },
      "full_loop_wrong_world_model": {
        "mean": 54.85980526208878,
        "stderr": 18.96572688817978
      }
    }
  },
  "per_seed": [
    {
      "seed": 42,
      "metrics": {
        "adaptation_improvement": 0.22116632461548136,
        "ood_generalization_gap": 27.67960480451584,
        "task_encoder_validation_loss": 6.706664085388184,
        "memory_transfer_gain": 0.060491228103636274,
        "world_model_prediction_error": 0.06791535019874573,
        "predicted_vs_actual_improvement_error": 0.2567030295729637,
        "planning_success_with_learned_world_model": 1.0,
        "self_improvement_acceptance_rate": 0.0,
        "rollback_count": 1.0,
        "validation_test_gap": 27.67960480451584,
        "seed_variance": 0.0,
        "ablation_delta_vs_full_loop": {
          "no_adaptation": 0.28713345527648926,
          "functional_maml_only": 0.0659671306610079,
          "maml_learned_task_encoder": -4.004129791259764,
          "maml_memory": 0.005475902557371626,
          "maml_world_model_controller": 0.20751070976257324,
          "full_loop": 0.0,
          "full_loop_without_self_improvement": 0.0,
          "full_loop_shuffled_memory": 0.20751070976257324,
          "full_loop_wrong_world_model": 0.17554664611816406
        },
        "learned_world_model_error_reduction": 0.16781939566135406
      },
      "ablations": {
        "no_adaptation": 36.00566518306732,
        "functional_maml_only": 35.78449885845184,
        "maml_learned_task_encoder": 31.71440193653107,
        "maml_memory": 35.724007630348204,
        "maml_world_model_controller": 35.926042437553406,
        "full_loop": 35.71853172779083,
        "full_loop_without_self_improvement": 35.71853172779083,
        "full_loop_shuffled_memory": 35.926042437553406,
        "full_loop_wrong_world_model": 35.894078373909
      },
      "prediction_errors": [
        {
          "candidate": "conservative_lr",
          "predicted_improvement": -0.1264646202325821,
          "actual_improvement": -0.013094425201416016,
          "prediction_error": 0.11337019503116608
        },
        {
          "candidate": "conservative_lr",
          "predicted_improvement": -0.0911177322268486,
          "actual_improvement": 0.7280807495117188,
          "prediction_error": 0.8191984817385674
        },
        {
          "candidate": "base_lr",
          "predicted_improvement": -0.04461440443992615,
          "actual_improvement": -0.04747772216796875,
          "prediction_error": 0.0028633177280426025
        },
        {
          "candidate": "base_lr",
          "predicted_improvement": -0.03481079638004303,
          "actual_improvement": -0.29393768310546875,
          "prediction_error": 0.2591268867254257
        },
        {
          "candidate": "base_lr",
          "predicted_improvement": -0.06441345810890198,
          "actual_improvement": 0.024542808532714844,
          "prediction_error": 0.08895626664161682
        }
      ]
    },
    {
      "seed": 43,
      "metrics": {
        "adaptation_improvement": 26.543073463439946,
        "ood_generalization_gap": 38.389818012714386,
        "task_encoder_validation_loss": 13.260734558105469,
        "memory_transfer_gain": 10.331063747406006,
        "world_model_prediction_error": 0.07441762834787369,
        "predicted_vs_actual_improvement_error": 13.475900420546532,
        "planning_success_with_learned_world_model": 0.0,
        "self_improvement_acceptance_rate": 0.0,
        "rollback_count": 1.0,
        "validation_test_gap": 38.389818012714386,
        "seed_variance": 0.0,
        "ablation_delta_vs_full_loop": {
          "no_adaptation": 36.87413721084595,
          "functional_maml_only": 10.331063747406006,
          "maml_learned_task_encoder": 7.868533873558043,
          "maml_memory": 0.0,
          "maml_world_model_controller": 23.529775905609135,
          "full_loop": 0.0,
          "full_loop_without_self_improvement": 0.0,
          "full_loop_shuffled_memory": 9.730804276466372,
          "full_loop_wrong_world_model": 23.529775905609135
        },
        "learned_world_model_error_reduction": 0.2033061608672142
      },
      "ablations": {
        "no_adaptation": 87.16989345550537,
        "functional_maml_only": 60.62681999206543,
        "maml_learned_task_encoder": 58.164290118217465,
        "maml_memory": 50.29575624465942,
        "maml_world_model_controller": 73.82553215026856,
        "full_loop": 50.29575624465942,
        "full_loop_without_self_improvement": 50.29575624465942,
        "full_loop_shuffled_memory": 60.026560521125795,
        "full_loop_wrong_world_model": 73.82553215026856
      },
      "prediction_errors": [
        {
          "candidate": "conservative_lr",
          "predicted_improvement": -0.046513259410858154,
          "actual_improvement": -0.4962453842163086,
          "prediction_error": 0.44973212480545044
        },
        {
          "candidate": "conservative_lr",
          "predicted_improvement": 0.24079668521881104,
          "actual_improvement": 63.958892822265625,
          "prediction_error": 63.718096137046814
        },
        {
          "candidate": "conservative_lr",